{
    "keyboard_name": "The Uni",
    "url": "https://www.stenokeyboards.com",
    "maintainer": "petercpark",
    "width": 13,
    "height": 4,
    "layouts": {
        "LAYOUT": {
            "layout": [
                { "x": 0, "y": 0 },
                { "x": 1, "y": 0 },
                { "x": 2, "y": 0 },
                { "x": 3, "y": 0 },
                { "x": 4, "y": 0 },
                { "x": 7, "y": 0 },
                { "x": 8, "y": 0 },
                { "x": 9, "y": 0 },
                { "x": 10, "y": 0 },
                { "x": 11, "y": 0 },
                { "x": 12, "y": 0 },
                { "x": 0, "y": 1 },
                { "x": 1, "y": 1 },
                { "x": 2, "y": 1 },
                { "x": 3, "y": 1 },
                { "x": 4, "y": 1 },
                { "x": 7, "y": 1 },
                { "x": 8, "y": 1 },
                { "x": 9, "y": 1 },
                { "x": 10, "y": 1 },
                { "x": 11, "y": 1 },
                { "x": 12, "y": 1 },
                { "x": 2, "y": 3 },
                { "x": 3, "y": 3 },
                { "x": 4, "y": 3 },
                { "x": 7, "y": 3 },
                { "x": 8, "y": 3 },
                { "x": 9, "y": 3 }
            ]
        }
    }
}
